<?xml version="1.0" encoding="utf-8"?>
<VugenScriptMetadata>
  <ScriptName>DevWeb_05_04_2022</ScriptName>
  <Protocol>DevWeb</Protocol>
  <ActionFiles>
    <FileEntry Name="main.js" Filter="2" />
  </ActionFiles>
  <GeneralFiles>
    <FileEntry Name="DevWeb_05_04_2022.usr" Filter="4" />
    <FileEntry Name="default.cfg" Filter="4" />
    <FileEntry Name="default.usp" Filter="4" />
    <FileEntry Name="parameters.yml" Filter="2" />
    <FileEntry Name="rts.yml" Filter="2" />
    <FileEntry Name="Bookmarks.xml" Filter="1" />
    <FileEntry Name="Breakpoints.xml" Filter="1" />
    <FileEntry Name="DevWebSdk.d.ts" Filter="1" />
    <FileEntry Name="ScriptUploadMetadata.xml" Filter="1" />
    <FileEntry Name="tsconfig.json" Filter="1" />
    <FileEntry Name="UserTasks.xml" Filter="1" />
  </GeneralFiles>
</VugenScriptMetadata>